[
  {
    "model": "admin.logentry",
    "pk": 1,
    "fields": {
      "action_time": "2022-03-25T19:00:40.125Z",
      "user": 1,
      "content_type": 4,
      "object_id": "2",
      "object_repr": "wvenera",
      "action_flag": 1,
      "change_message": "[{\"added\": {}}]"
    }
  },
  {
    "model": "admin.logentry",
    "pk": 2,
    "fields": {
      "action_time": "2022-03-25T19:01:34.692Z",
      "user": 1,
      "content_type": 4,
      "object_id": "2",
      "object_repr": "wvenera",
      "action_flag": 2,
      "change_message": "[{\"changed\": {\"fields\": [\"First name\", \"Last name\", \"Email address\"]}}]"
    }
  },
  {
    "model": "admin.logentry",
    "pk": 3,
    "fields": {
      "action_time": "2022-03-25T19:03:52.735Z",
      "user": 1,
      "content_type": 3,
      "object_id": "1",
      "object_repr": "clients",
      "action_flag": 1,
      "change_message": "[{\"added\": {}}]"
    }
  },
  {
    "model": "admin.logentry",
    "pk": 4,
    "fields": {
      "action_time": "2022-03-25T19:04:05.634Z",
      "user": 1,
      "content_type": 4,
      "object_id": "2",
      "object_repr": "wvenera",
      "action_flag": 2,
      "change_message": "[{\"changed\": {\"fields\": [\"Groups\"]}}]"
    }
  },
  {
    "model": "admin.logentry",
    "pk": 5,
    "fields": {
      "action_time": "2022-03-25T19:04:44.583Z",
      "user": 1,
      "content_type": 4,
      "object_id": "2",
      "object_repr": "wvenera",
      "action_flag": 2,
      "change_message": "[{\"changed\": {\"fields\": [\"password\"]}}]"
    }
  },
  {
    "model": "admin.logentry",
    "pk": 6,
    "fields": {
      "action_time": "2022-03-25T19:11:21.962Z",
      "user": 1,
      "content_type": 4,
      "object_id": "2",
      "object_repr": "wvenera",
      "action_flag": 2,
      "change_message": "[{\"changed\": {\"fields\": [\"Staff status\"]}}]"
    }
  },
  {
    "model": "admin.logentry",
    "pk": 7,
    "fields": {
      "action_time": "2022-03-25T19:34:07.896Z",
      "user": 1,
      "content_type": 12,
      "object_id": "2",
      "object_repr": "VENROD",
      "action_flag": 1,
      "change_message": "[{\"added\": {}}]"
    }
  },
  {
    "model": "admin.logentry",
    "pk": 8,
    "fields": {
      "action_time": "2022-03-25T20:21:07.718Z",
      "user": 2,
      "content_type": 12,
      "object_id": "2",
      "object_repr": "VENROD",
      "action_flag": 2,
      "change_message": "[{\"changed\": {\"fields\": [\"Company id\"]}}]"
    }
  },
  {
    "model": "admin.logentry",
    "pk": 9,
    "fields": {
      "action_time": "2022-03-25T20:24:09.605Z",
      "user": 1,
      "content_type": 12,
      "object_id": "8",
      "object_repr": "SABORES",
      "action_flag": 1,
      "change_message": "[{\"added\": {}}]"
    }
  },
  {
    "model": "admin.logentry",
    "pk": 10,
    "fields": {
      "action_time": "2022-03-25T20:35:44.349Z",
      "user": 2,
      "content_type": 12,
      "object_id": "8",
      "object_repr": "SABORES",
      "action_flag": 2,
      "change_message": "[]"
    }
  },
  {
    "model": "admin.logentry",
    "pk": 11,
    "fields": {
      "action_time": "2022-03-25T20:36:02.034Z",
      "user": 2,
      "content_type": 12,
      "object_id": "8",
      "object_repr": "SABORESX",
      "action_flag": 2,
      "change_message": "[{\"changed\": {\"fields\": [\"Name\"]}}]"
    }
  },
  {
    "model": "admin.logentry",
    "pk": 12,
    "fields": {
      "action_time": "2022-03-25T20:43:30.710Z",
      "user": 2,
      "content_type": 12,
      "object_id": "8",
      "object_repr": "SABORES",
      "action_flag": 2,
      "change_message": "[{\"changed\": {\"fields\": [\"Name\"]}}]"
    }
  },
  {
    "model": "admin.logentry",
    "pk": 13,
    "fields": {
      "action_time": "2022-03-26T04:13:46.232Z",
      "user": 1,
      "content_type": 4,
      "object_id": "3",
      "object_repr": "srodriguez",
      "action_flag": 2,
      "change_message": "[{\"changed\": {\"fields\": [\"Groups\"]}}]"
    }
  },
  {
    "model": "admin.logentry",
    "pk": 14,
    "fields": {
      "action_time": "2022-03-27T17:47:16.388Z",
      "user": 2,
      "content_type": 12,
      "object_id": "9",
      "object_repr": "VENMAC",
      "action_flag": 1,
      "change_message": "[{\"added\": {}}]"
    }
  },
  {
    "model": "admin.logentry",
    "pk": 15,
    "fields": {
      "action_time": "2022-03-27T18:38:30.416Z",
      "user": 2,
      "content_type": 11,
      "object_id": "1",
      "object_repr": "MUGIWARA VENROD",
      "action_flag": 1,
      "change_message": "[{\"added\": {}}]"
    }
  },
  {
    "model": "admin.logentry",
    "pk": 16,
    "fields": {
      "action_time": "2022-03-27T18:38:59.993Z",
      "user": 2,
      "content_type": 11,
      "object_id": "2",
      "object_repr": "PASTA EXPRESS VENROD",
      "action_flag": 1,
      "change_message": "[{\"added\": {}}]"
    }
  },
  {
    "model": "admin.logentry",
    "pk": 17,
    "fields": {
      "action_time": "2022-03-27T18:39:11.710Z",
      "user": 2,
      "content_type": 11,
      "object_id": "3",
      "object_repr": "TALIBAN VENMAC",
      "action_flag": 1,
      "change_message": "[{\"added\": {}}]"
    }
  },
  {
    "model": "admin.logentry",
    "pk": 18,
    "fields": {
      "action_time": "2022-03-29T02:56:21.449Z",
      "user": 1,
      "content_type": 4,
      "object_id": "3",
      "object_repr": "srodriguez",
      "action_flag": 2,
      "change_message": "[{\"changed\": {\"fields\": [\"Staff status\"]}}]"
    }
  },
  {
    "model": "admin.logentry",
    "pk": 19,
    "fields": {
      "action_time": "2022-03-29T02:57:15.013Z",
      "user": 3,
      "content_type": 12,
      "object_id": "10",
      "object_repr": "RODLLAN",
      "action_flag": 1,
      "change_message": "[{\"added\": {}}]"
    }
  },
  {
    "model": "admin.logentry",
    "pk": 20,
    "fields": {
      "action_time": "2022-03-29T22:55:11.863Z",
      "user": 3,
      "content_type": 8,
      "object_id": "1",
      "object_repr": "Menu Principal Magic House",
      "action_flag": 1,
      "change_message": "[{\"added\": {}}]"
    }
  },
  {
    "model": "admin.logentry",
    "pk": 21,
    "fields": {
      "action_time": "2022-03-29T22:55:26.325Z",
      "user": 3,
      "content_type": 7,
      "object_id": "1",
      "object_repr": "Entradas",
      "action_flag": 1,
      "change_message": "[{\"added\": {}}]"
    }
  },
  {
    "model": "admin.logentry",
    "pk": 22,
    "fields": {
      "action_time": "2022-03-29T22:55:37.193Z",
      "user": 3,
      "content_type": 7,
      "object_id": "2",
      "object_repr": "Fuertes",
      "action_flag": 1,
      "change_message": "[{\"added\": {}}]"
    }
  },
  {
    "model": "admin.logentry",
    "pk": 23,
    "fields": {
      "action_time": "2022-03-29T23:02:05.006Z",
      "user": 3,
      "content_type": 9,
      "object_id": "1",
      "object_repr": "Gyozas",
      "action_flag": 1,
      "change_message": "[{\"added\": {}}]"
    }
  },
  {
    "model": "admin.logentry",
    "pk": 24,
    "fields": {
      "action_time": "2022-03-29T23:02:36.915Z",
      "user": 3,
      "content_type": 9,
      "object_id": "2",
      "object_repr": "Tiradito",
      "action_flag": 1,
      "change_message": "[{\"added\": {}}]"
    }
  },
  {
    "model": "admin.logentry",
    "pk": 25,
    "fields": {
      "action_time": "2022-03-29T23:02:46.904Z",
      "user": 3,
      "content_type": 9,
      "object_id": "3",
      "object_repr": "Vulcano",
      "action_flag": 1,
      "change_message": "[{\"added\": {}}]"
    }
  },
  {
    "model": "admin.logentry",
    "pk": 26,
    "fields": {
      "action_time": "2022-03-29T23:02:55.188Z",
      "user": 3,
      "content_type": 9,
      "object_id": "4",
      "object_repr": "Sake Skin",
      "action_flag": 1,
      "change_message": "[{\"added\": {}}]"
    }
  },
  {
    "model": "admin.logentry",
    "pk": 27,
    "fields": {
      "action_time": "2022-03-29T23:04:01.493Z",
      "user": 3,
      "content_type": 8,
      "object_id": "1",
      "object_repr": "Menu Principal Magic House",
      "action_flag": 2,
      "change_message": "[{\"added\": {\"name\": \"menu detail\", \"object\": \"Entradas Gyozas 15000\"}}, {\"added\": {\"name\": \"menu detail\", \"object\": \"Entradas Tiradito 12000\"}}, {\"added\": {\"name\": \"menu detail\", \"object\": \"Fuertes Vulcano 25000\"}}, {\"added\": {\"name\": \"menu detail\", \"object\": \"Fuertes Sake Skin 30000\"}}]"
    }
  },
  {
    "model": "admin.logentry",
    "pk": 28,
    "fields": {
      "action_time": "2022-03-29T23:05:46.050Z",
      "user": 3,
      "content_type": 8,
      "object_id": "1",
      "object_repr": "Menu Principal Magic House",
      "action_flag": 2,
      "change_message": "[{\"changed\": {\"fields\": [\"Is Active\"]}}]"
    }
  },
  {
    "model": "admin.logentry",
    "pk": 29,
    "fields": {
      "action_time": "2022-03-30T14:53:27.192Z",
      "user": 3,
      "content_type": 8,
      "object_id": "2",
      "object_repr": "Menu Especial Magic House",
      "action_flag": 1,
      "change_message": "[{\"added\": {}}]"
    }
  },
  {
    "model": "admin.logentry",
    "pk": 30,
    "fields": {
      "action_time": "2022-03-30T15:46:45.176Z",
      "user": 2,
      "content_type": 7,
      "object_id": "3",
      "object_repr": "Principios",
      "action_flag": 1,
      "change_message": "[{\"added\": {}}]"
    }
  },
  {
    "model": "admin.logentry",
    "pk": 31,
    "fields": {
      "action_time": "2022-03-30T15:46:53.816Z",
      "user": 2,
      "content_type": 7,
      "object_id": "4",
      "object_repr": "Finales",
      "action_flag": 1,
      "change_message": "[{\"added\": {}}]"
    }
  },
  {
    "model": "admin.logentry",
    "pk": 32,
    "fields": {
      "action_time": "2022-03-30T15:47:33.545Z",
      "user": 2,
      "content_type": 9,
      "object_id": "5",
      "object_repr": "Parras",
      "action_flag": 1,
      "change_message": "[{\"added\": {}}]"
    }
  },
  {
    "model": "admin.logentry",
    "pk": 33,
    "fields": {
      "action_time": "2022-03-30T15:47:48.803Z",
      "user": 2,
      "content_type": 9,
      "object_id": "6",
      "object_repr": "Quibbe",
      "action_flag": 1,
      "change_message": "[{\"added\": {}}]"
    }
  },
  {
    "model": "admin.logentry",
    "pk": 34,
    "fields": {
      "action_time": "2022-03-30T15:47:59.326Z",
      "user": 2,
      "content_type": 9,
      "object_id": "7",
      "object_repr": "Mixto",
      "action_flag": 1,
      "change_message": "[{\"added\": {}}]"
    }
  },
  {
    "model": "admin.logentry",
    "pk": 35,
    "fields": {
      "action_time": "2022-03-30T15:48:06.662Z",
      "user": 2,
      "content_type": 9,
      "object_id": "8",
      "object_repr": "Mini Mixto",
      "action_flag": 1,
      "change_message": "[{\"added\": {}}]"
    }
  },
  {
    "model": "admin.logentry",
    "pk": 36,
    "fields": {
      "action_time": "2022-03-30T15:49:36.960Z",
      "user": 2,
      "content_type": 8,
      "object_id": "3",
      "object_repr": "Menu Principal TALIBAN",
      "action_flag": 1,
      "change_message": "[{\"added\": {}}, {\"added\": {\"name\": \"menu detail\", \"object\": \"Principios Parras 50000\"}}, {\"added\": {\"name\": \"menu detail\", \"object\": \"Principios Quibbe 45000\"}}, {\"added\": {\"name\": \"menu detail\", \"object\": \"Finales Mixto 80000\"}}, {\"added\": {\"name\": \"menu detail\", \"object\": \"Finales Mini Mixto 65000\"}}]"
    }
  },
  {
    "model": "admin.logentry",
    "pk": 37,
    "fields": {
      "action_time": "2022-03-31T00:09:26.410Z",
      "user": 2,
      "content_type": 11,
      "object_id": "8",
      "object_repr": "Magic House",
      "action_flag": 2,
      "change_message": "[]"
    }
  },
  {
    "model": "admin.logentry",
    "pk": 38,
    "fields": {
      "action_time": "2022-03-31T00:12:14.534Z",
      "user": 2,
      "content_type": 11,
      "object_id": "8",
      "object_repr": "Magic House",
      "action_flag": 2,
      "change_message": "[]"
    }
  },
  {
    "model": "admin.logentry",
    "pk": 39,
    "fields": {
      "action_time": "2022-03-31T00:12:46.571Z",
      "user": 2,
      "content_type": 11,
      "object_id": "8",
      "object_repr": "Magic House",
      "action_flag": 2,
      "change_message": "[]"
    }
  },
  {
    "model": "admin.logentry",
    "pk": 40,
    "fields": {
      "action_time": "2022-03-31T00:36:09.318Z",
      "user": 2,
      "content_type": 11,
      "object_id": "8",
      "object_repr": "Magic House",
      "action_flag": 2,
      "change_message": "[]"
    }
  },
  {
    "model": "admin.logentry",
    "pk": 41,
    "fields": {
      "action_time": "2022-03-31T00:38:09.301Z",
      "user": 2,
      "content_type": 11,
      "object_id": "8",
      "object_repr": "Magic House",
      "action_flag": 2,
      "change_message": "[]"
    }
  },
  {
    "model": "admin.logentry",
    "pk": 42,
    "fields": {
      "action_time": "2022-03-31T00:39:48.006Z",
      "user": 2,
      "content_type": 11,
      "object_id": "8",
      "object_repr": "Magic House",
      "action_flag": 2,
      "change_message": "[]"
    }
  },
  {
    "model": "admin.logentry",
    "pk": 43,
    "fields": {
      "action_time": "2022-04-01T19:22:14.765Z",
      "user": 1,
      "content_type": 12,
      "object_id": "11",
      "object_repr": "Trifud",
      "action_flag": 2,
      "change_message": "[{\"changed\": {\"fields\": [\"Description\"]}}]"
    }
  },
  {
    "model": "admin.logentry",
    "pk": 44,
    "fields": {
      "action_time": "2022-04-01T23:22:32.037Z",
      "user": 3,
      "content_type": 8,
      "object_id": "4",
      "object_repr": "Experiencia Principal Sarang",
      "action_flag": 1,
      "change_message": "[{\"added\": {}}]"
    }
  },
  {
    "model": "admin.logentry",
    "pk": 45,
    "fields": {
      "action_time": "2022-04-04T14:19:26.306Z",
      "user": 3,
      "content_type": 7,
      "object_id": "5",
      "object_repr": "Bebidas",
      "action_flag": 1,
      "change_message": "[{\"added\": {}}]"
    }
  },
  {
    "model": "admin.logentry",
    "pk": 46,
    "fields": {
      "action_time": "2022-04-10T18:35:39.603Z",
      "user": 3,
      "content_type": 11,
      "object_id": "1",
      "object_repr": "MUGIWARA",
      "action_flag": 2,
      "change_message": "[]"
    }
  },
  {
    "model": "admin.logentry",
    "pk": 47,
    "fields": {
      "action_time": "2022-04-10T23:57:58.998Z",
      "user": 3,
      "content_type": 11,
      "object_id": "8",
      "object_repr": "Magic House",
      "action_flag": 2,
      "change_message": "[{\"changed\": {\"fields\": [\"Qr code\"]}}]"
    }
  },
  {
    "model": "admin.logentry",
    "pk": 48,
    "fields": {
      "action_time": "2022-04-11T14:51:53.341Z",
      "user": 3,
      "content_type": 11,
      "object_id": "15",
      "object_repr": "HYH",
      "action_flag": 2,
      "change_message": "[]"
    }
  },
  {
    "model": "admin.logentry",
    "pk": 49,
    "fields": {
      "action_time": "2022-04-11T14:51:59.817Z",
      "user": 3,
      "content_type": 11,
      "object_id": "14",
      "object_repr": "Sarng 2",
      "action_flag": 2,
      "change_message": "[]"
    }
  },
  {
    "model": "admin.logentry",
    "pk": 50,
    "fields": {
      "action_time": "2022-04-11T14:52:04.569Z",
      "user": 3,
      "content_type": 11,
      "object_id": "13",
      "object_repr": "Aloha 4",
      "action_flag": 2,
      "change_message": "[]"
    }
  },
  {
    "model": "admin.logentry",
    "pk": 51,
    "fields": {
      "action_time": "2022-04-11T14:52:09.174Z",
      "user": 3,
      "content_type": 11,
      "object_id": "12",
      "object_repr": "Aloha 3",
      "action_flag": 2,
      "change_message": "[]"
    }
  },
  {
    "model": "admin.logentry",
    "pk": 52,
    "fields": {
      "action_time": "2022-04-11T14:52:13.674Z",
      "user": 3,
      "content_type": 11,
      "object_id": "11",
      "object_repr": "Aloha 2",
      "action_flag": 2,
      "change_message": "[]"
    }
  },
  {
    "model": "admin.logentry",
    "pk": 53,
    "fields": {
      "action_time": "2022-04-11T14:52:24.029Z",
      "user": 3,
      "content_type": 11,
      "object_id": "10",
      "object_repr": "ALoha",
      "action_flag": 2,
      "change_message": "[]"
    }
  },
  {
    "model": "admin.logentry",
    "pk": 54,
    "fields": {
      "action_time": "2022-04-11T14:52:28.381Z",
      "user": 3,
      "content_type": 11,
      "object_id": "9",
      "object_repr": "Sarang",
      "action_flag": 2,
      "change_message": "[]"
    }
  },
  {
    "model": "admin.logentry",
    "pk": 55,
    "fields": {
      "action_time": "2022-04-11T14:52:31.741Z",
      "user": 3,
      "content_type": 11,
      "object_id": "8",
      "object_repr": "Magic House",
      "action_flag": 2,
      "change_message": "[]"
    }
  },
  {
    "model": "admin.logentry",
    "pk": 56,
    "fields": {
      "action_time": "2022-04-11T14:52:41.472Z",
      "user": 3,
      "content_type": 11,
      "object_id": "3",
      "object_repr": "TALIBAN",
      "action_flag": 2,
      "change_message": "[]"
    }
  },
  {
    "model": "admin.logentry",
    "pk": 57,
    "fields": {
      "action_time": "2022-04-11T14:52:47.137Z",
      "user": 3,
      "content_type": 11,
      "object_id": "2",
      "object_repr": "PASTA EXPRESS",
      "action_flag": 2,
      "change_message": "[]"
    }
  },
  {
    "model": "admin.logentry",
    "pk": 58,
    "fields": {
      "action_time": "2022-04-11T14:52:51.637Z",
      "user": 3,
      "content_type": 11,
      "object_id": "1",
      "object_repr": "MUGIWARA",
      "action_flag": 2,
      "change_message": "[]"
    }
  },
  {
    "model": "admin.logentry",
    "pk": 59,
    "fields": {
      "action_time": "2022-04-11T14:56:48.200Z",
      "user": 3,
      "content_type": 11,
      "object_id": "15",
      "object_repr": "HYH",
      "action_flag": 2,
      "change_message": "[]"
    }
  },
  {
    "model": "admin.logentry",
    "pk": 60,
    "fields": {
      "action_time": "2022-04-11T14:56:54.567Z",
      "user": 3,
      "content_type": 11,
      "object_id": "14",
      "object_repr": "Sarng 2",
      "action_flag": 2,
      "change_message": "[]"
    }
  },
  {
    "model": "admin.logentry",
    "pk": 61,
    "fields": {
      "action_time": "2022-04-11T14:57:01.734Z",
      "user": 3,
      "content_type": 11,
      "object_id": "13",
      "object_repr": "Aloha 4",
      "action_flag": 2,
      "change_message": "[]"
    }
  },
  {
    "model": "admin.logentry",
    "pk": 62,
    "fields": {
      "action_time": "2022-04-11T14:57:20.043Z",
      "user": 3,
      "content_type": 11,
      "object_id": "12",
      "object_repr": "Aloha 3",
      "action_flag": 2,
      "change_message": "[]"
    }
  },
  {
    "model": "admin.logentry",
    "pk": 63,
    "fields": {
      "action_time": "2022-04-11T14:57:25.362Z",
      "user": 3,
      "content_type": 11,
      "object_id": "11",
      "object_repr": "Aloha 2",
      "action_flag": 2,
      "change_message": "[]"
    }
  },
  {
    "model": "admin.logentry",
    "pk": 64,
    "fields": {
      "action_time": "2022-04-11T14:57:29.816Z",
      "user": 3,
      "content_type": 11,
      "object_id": "10",
      "object_repr": "ALoha",
      "action_flag": 2,
      "change_message": "[]"
    }
  },
  {
    "model": "admin.logentry",
    "pk": 65,
    "fields": {
      "action_time": "2022-04-11T14:57:34.420Z",
      "user": 3,
      "content_type": 11,
      "object_id": "9",
      "object_repr": "Sarang",
      "action_flag": 2,
      "change_message": "[]"
    }
  },
  {
    "model": "admin.logentry",
    "pk": 66,
    "fields": {
      "action_time": "2022-04-11T14:57:39.292Z",
      "user": 3,
      "content_type": 11,
      "object_id": "8",
      "object_repr": "Magic House",
      "action_flag": 2,
      "change_message": "[]"
    }
  },
  {
    "model": "admin.logentry",
    "pk": 67,
    "fields": {
      "action_time": "2022-04-11T14:57:46.271Z",
      "user": 3,
      "content_type": 11,
      "object_id": "3",
      "object_repr": "TALIBAN",
      "action_flag": 2,
      "change_message": "[]"
    }
  },
  {
    "model": "admin.logentry",
    "pk": 68,
    "fields": {
      "action_time": "2022-04-11T14:58:00.799Z",
      "user": 3,
      "content_type": 11,
      "object_id": "8",
      "object_repr": "Magic House",
      "action_flag": 2,
      "change_message": "[]"
    }
  },
  {
    "model": "admin.logentry",
    "pk": 69,
    "fields": {
      "action_time": "2022-04-11T14:58:04.215Z",
      "user": 3,
      "content_type": 11,
      "object_id": "3",
      "object_repr": "TALIBAN",
      "action_flag": 2,
      "change_message": "[]"
    }
  },
  {
    "model": "admin.logentry",
    "pk": 70,
    "fields": {
      "action_time": "2022-04-11T14:58:07.483Z",
      "user": 3,
      "content_type": 11,
      "object_id": "2",
      "object_repr": "PASTA EXPRESS",
      "action_flag": 2,
      "change_message": "[]"
    }
  },
  {
    "model": "admin.logentry",
    "pk": 71,
    "fields": {
      "action_time": "2022-04-11T14:58:14.871Z",
      "user": 3,
      "content_type": 11,
      "object_id": "1",
      "object_repr": "MUGIWARA",
      "action_flag": 2,
      "change_message": "[]"
    }
  },
  {
    "model": "admin.logentry",
    "pk": 72,
    "fields": {
      "action_time": "2022-04-11T17:39:00.545Z",
      "user": 3,
      "content_type": 8,
      "object_id": "2",
      "object_repr": "Menu Especial Magic House",
      "action_flag": 2,
      "change_message": "[{\"changed\": {\"fields\": [\"Is active\"]}}]"
    }
  },
  {
    "model": "admin.logentry",
    "pk": 73,
    "fields": {
      "action_time": "2022-04-11T17:41:31.005Z",
      "user": 3,
      "content_type": 8,
      "object_id": "10",
      "object_repr": "Menu Secretarias Magic House",
      "action_flag": 2,
      "change_message": "[{\"changed\": {\"fields\": [\"Is active\"]}}]"
    }
  },
  {
    "model": "admin.logentry",
    "pk": 74,
    "fields": {
      "action_time": "2022-04-11T17:48:46.762Z",
      "user": 3,
      "content_type": 8,
      "object_id": "6",
      "object_repr": "Menu Navidad Magic House",
      "action_flag": 2,
      "change_message": "[{\"changed\": {\"fields\": [\"Is active\"]}}]"
    }
  },
  {
    "model": "admin.logentry",
    "pk": 75,
    "fields": {
      "action_time": "2022-04-13T19:19:32.167Z",
      "user": 1,
      "content_type": 11,
      "object_id": "16",
      "object_repr": "Starbucks",
      "action_flag": 2,
      "change_message": "[]"
    }
  },
  {
    "model": "admin.logentry",
    "pk": 76,
    "fields": {
      "action_time": "2022-04-13T19:19:36.651Z",
      "user": 1,
      "content_type": 11,
      "object_id": "15",
      "object_repr": "HYH",
      "action_flag": 2,
      "change_message": "[]"
    }
  },
  {
    "model": "admin.logentry",
    "pk": 77,
    "fields": {
      "action_time": "2022-04-13T19:19:41.213Z",
      "user": 1,
      "content_type": 11,
      "object_id": "14",
      "object_repr": "Sarng 2",
      "action_flag": 2,
      "change_message": "[]"
    }
  },
  {
    "model": "admin.logentry",
    "pk": 78,
    "fields": {
      "action_time": "2022-04-13T19:19:52.583Z",
      "user": 1,
      "content_type": 11,
      "object_id": "14",
      "object_repr": "Sarng 2",
      "action_flag": 2,
      "change_message": "[{\"changed\": {\"fields\": [\"Qr code\"]}}]"
    }
  },
  {
    "model": "admin.logentry",
    "pk": 79,
    "fields": {
      "action_time": "2022-04-13T19:20:22.282Z",
      "user": 1,
      "content_type": 11,
      "object_id": "1",
      "object_repr": "MUGIWARA",
      "action_flag": 2,
      "change_message": "[]"
    }
  },
  {
    "model": "admin.logentry",
    "pk": 80,
    "fields": {
      "action_time": "2022-04-13T19:20:33.731Z",
      "user": 1,
      "content_type": 11,
      "object_id": "2",
      "object_repr": "PASTA EXPRESS",
      "action_flag": 2,
      "change_message": "[]"
    }
  },
  {
    "model": "admin.logentry",
    "pk": 81,
    "fields": {
      "action_time": "2022-04-13T19:20:39.318Z",
      "user": 1,
      "content_type": 11,
      "object_id": "13",
      "object_repr": "Aloha 4",
      "action_flag": 2,
      "change_message": "[]"
    }
  },
  {
    "model": "admin.logentry",
    "pk": 82,
    "fields": {
      "action_time": "2022-04-13T19:20:46.282Z",
      "user": 1,
      "content_type": 11,
      "object_id": "11",
      "object_repr": "Aloha 2",
      "action_flag": 2,
      "change_message": "[]"
    }
  },
  {
    "model": "admin.logentry",
    "pk": 83,
    "fields": {
      "action_time": "2022-04-13T19:20:49.962Z",
      "user": 1,
      "content_type": 11,
      "object_id": "9",
      "object_repr": "Sarang",
      "action_flag": 2,
      "change_message": "[]"
    }
  },
  {
    "model": "admin.logentry",
    "pk": 84,
    "fields": {
      "action_time": "2022-04-13T19:20:53.394Z",
      "user": 1,
      "content_type": 11,
      "object_id": "8",
      "object_repr": "Magic House",
      "action_flag": 2,
      "change_message": "[]"
    }
  },
  {
    "model": "admin.logentry",
    "pk": 85,
    "fields": {
      "action_time": "2022-04-13T19:20:57.547Z",
      "user": 1,
      "content_type": 11,
      "object_id": "3",
      "object_repr": "TALIBAN",
      "action_flag": 2,
      "change_message": "[]"
    }
  },
  {
    "model": "admin.logentry",
    "pk": 86,
    "fields": {
      "action_time": "2022-04-13T19:21:16.075Z",
      "user": 1,
      "content_type": 11,
      "object_id": "10",
      "object_repr": "ALoha",
      "action_flag": 2,
      "change_message": "[]"
    }
  },
  {
    "model": "admin.logentry",
    "pk": 87,
    "fields": {
      "action_time": "2022-04-13T19:21:19.544Z",
      "user": 1,
      "content_type": 11,
      "object_id": "12",
      "object_repr": "Aloha 3",
      "action_flag": 2,
      "change_message": "[]"
    }
  },
  {
    "model": "admin.logentry",
    "pk": 88,
    "fields": {
      "action_time": "2022-04-19T23:18:16.333Z",
      "user": 1,
      "content_type": 11,
      "object_id": "8",
      "object_repr": "Magic House",
      "action_flag": 2,
      "change_message": "[{\"changed\": {\"fields\": [\"Photo\"]}}]"
    }
  },
  {
    "model": "auth.permission",
    "pk": 1,
    "fields": {
      "name": "Can add log entry",
      "content_type": 1,
      "codename": "add_logentry"
    }
  },
  {
    "model": "auth.permission",
    "pk": 2,
    "fields": {
      "name": "Can change log entry",
      "content_type": 1,
      "codename": "change_logentry"
    }
  },
  {
    "model": "auth.permission",
    "pk": 3,
    "fields": {
      "name": "Can delete log entry",
      "content_type": 1,
      "codename": "delete_logentry"
    }
  },
  {
    "model": "auth.permission",
    "pk": 4,
    "fields": {
      "name": "Can view log entry",
      "content_type": 1,
      "codename": "view_logentry"
    }
  },
  {
    "model": "auth.permission",
    "pk": 5,
    "fields": {
      "name": "Can add permission",
      "content_type": 2,
      "codename": "add_permission"
    }
  },
  {
    "model": "auth.permission",
    "pk": 6,
    "fields": {
      "name": "Can change permission",
      "content_type": 2,
      "codename": "change_permission"
    }
  },
  {
    "model": "auth.permission",
    "pk": 7,
    "fields": {
      "name": "Can delete permission",
      "content_type": 2,
      "codename": "delete_permission"
    }
  },
  {
    "model": "auth.permission",
    "pk": 8,
    "fields": {
      "name": "Can view permission",
      "content_type": 2,
      "codename": "view_permission"
    }
  },
  {
    "model": "auth.permission",
    "pk": 9,
    "fields": {
      "name": "Can add group",
      "content_type": 3,
      "codename": "add_group"
    }
  },
  {
    "model": "auth.permission",
    "pk": 10,
    "fields": {
      "name": "Can change group",
      "content_type": 3,
      "codename": "change_group"
    }
  },
  {
    "model": "auth.permission",
    "pk": 11,
    "fields": {
      "name": "Can delete group",
      "content_type": 3,
      "codename": "delete_group"
    }
  },
  {
    "model": "auth.permission",
    "pk": 12,
    "fields": {
      "name": "Can view group",
      "content_type": 3,
      "codename": "view_group"
    }
  },
  {
    "model": "auth.permission",
    "pk": 13,
    "fields": {
      "name": "Can add user",
      "content_type": 4,
      "codename": "add_user"
    }
  },
  {
    "model": "auth.permission",
    "pk": 14,
    "fields": {
      "name": "Can change user",
      "content_type": 4,
      "codename": "change_user"
    }
  },
  {
    "model": "auth.permission",
    "pk": 15,
    "fields": {
      "name": "Can delete user",
      "content_type": 4,
      "codename": "delete_user"
    }
  },
  {
    "model": "auth.permission",
    "pk": 16,
    "fields": {
      "name": "Can view user",
      "content_type": 4,
      "codename": "view_user"
    }
  },
  {
    "model": "auth.permission",
    "pk": 17,
    "fields": {
      "name": "Can add content type",
      "content_type": 5,
      "codename": "add_contenttype"
    }
  },
  {
    "model": "auth.permission",
    "pk": 18,
    "fields": {
      "name": "Can change content type",
      "content_type": 5,
      "codename": "change_contenttype"
    }
  },
  {
    "model": "auth.permission",
    "pk": 19,
    "fields": {
      "name": "Can delete content type",
      "content_type": 5,
      "codename": "delete_contenttype"
    }
  },
  {
    "model": "auth.permission",
    "pk": 20,
    "fields": {
      "name": "Can view content type",
      "content_type": 5,
      "codename": "view_contenttype"
    }
  },
  {
    "model": "auth.permission",
    "pk": 21,
    "fields": {
      "name": "Can add session",
      "content_type": 6,
      "codename": "add_session"
    }
  },
  {
    "model": "auth.permission",
    "pk": 22,
    "fields": {
      "name": "Can change session",
      "content_type": 6,
      "codename": "change_session"
    }
  },
  {
    "model": "auth.permission",
    "pk": 23,
    "fields": {
      "name": "Can delete session",
      "content_type": 6,
      "codename": "delete_session"
    }
  },
  {
    "model": "auth.permission",
    "pk": 24,
    "fields": {
      "name": "Can view session",
      "content_type": 6,
      "codename": "view_session"
    }
  },
  {
    "model": "auth.permission",
    "pk": 25,
    "fields": {
      "name": "Can add category",
      "content_type": 7,
      "codename": "add_category"
    }
  },
  {
    "model": "auth.permission",
    "pk": 26,
    "fields": {
      "name": "Can change category",
      "content_type": 7,
      "codename": "change_category"
    }
  },
  {
    "model": "auth.permission",
    "pk": 27,
    "fields": {
      "name": "Can delete category",
      "content_type": 7,
      "codename": "delete_category"
    }
  },
  {
    "model": "auth.permission",
    "pk": 28,
    "fields": {
      "name": "Can view category",
      "content_type": 7,
      "codename": "view_category"
    }
  },
  {
    "model": "auth.permission",
    "pk": 29,
    "fields": {
      "name": "Can add menu",
      "content_type": 8,
      "codename": "add_menu"
    }
  },
  {
    "model": "auth.permission",
    "pk": 30,
    "fields": {
      "name": "Can change menu",
      "content_type": 8,
      "codename": "change_menu"
    }
  },
  {
    "model": "auth.permission",
    "pk": 31,
    "fields": {
      "name": "Can delete menu",
      "content_type": 8,
      "codename": "delete_menu"
    }
  },
  {
    "model": "auth.permission",
    "pk": 32,
    "fields": {
      "name": "Can view menu",
      "content_type": 8,
      "codename": "view_menu"
    }
  },
  {
    "model": "auth.permission",
    "pk": 33,
    "fields": {
      "name": "Can add product",
      "content_type": 9,
      "codename": "add_product"
    }
  },
  {
    "model": "auth.permission",
    "pk": 34,
    "fields": {
      "name": "Can change product",
      "content_type": 9,
      "codename": "change_product"
    }
  },
  {
    "model": "auth.permission",
    "pk": 35,
    "fields": {
      "name": "Can delete product",
      "content_type": 9,
      "codename": "delete_product"
    }
  },
  {
    "model": "auth.permission",
    "pk": 36,
    "fields": {
      "name": "Can view product",
      "content_type": 9,
      "codename": "view_product"
    }
  },
  {
    "model": "auth.permission",
    "pk": 37,
    "fields": {
      "name": "Can add menu detail",
      "content_type": 10,
      "codename": "add_menudetail"
    }
  },
  {
    "model": "auth.permission",
    "pk": 38,
    "fields": {
      "name": "Can change menu detail",
      "content_type": 10,
      "codename": "change_menudetail"
    }
  },
  {
    "model": "auth.permission",
    "pk": 39,
    "fields": {
      "name": "Can delete menu detail",
      "content_type": 10,
      "codename": "delete_menudetail"
    }
  },
  {
    "model": "auth.permission",
    "pk": 40,
    "fields": {
      "name": "Can view menu detail",
      "content_type": 10,
      "codename": "view_menudetail"
    }
  },
  {
    "model": "auth.permission",
    "pk": 41,
    "fields": {
      "name": "Can add brand",
      "content_type": 11,
      "codename": "add_brand"
    }
  },
  {
    "model": "auth.permission",
    "pk": 42,
    "fields": {
      "name": "Can change brand",
      "content_type": 11,
      "codename": "change_brand"
    }
  },
  {
    "model": "auth.permission",
    "pk": 43,
    "fields": {
      "name": "Can delete brand",
      "content_type": 11,
      "codename": "delete_brand"
    }
  },
  {
    "model": "auth.permission",
    "pk": 44,
    "fields": {
      "name": "Can view brand",
      "content_type": 11,
      "codename": "view_brand"
    }
  },
  {
    "model": "auth.permission",
    "pk": 45,
    "fields": {
      "name": "Can add company",
      "content_type": 12,
      "codename": "add_company"
    }
  },
  {
    "model": "auth.permission",
    "pk": 46,
    "fields": {
      "name": "Can change company",
      "content_type": 12,
      "codename": "change_company"
    }
  },
  {
    "model": "auth.permission",
    "pk": 47,
    "fields": {
      "name": "Can delete company",
      "content_type": 12,
      "codename": "delete_company"
    }
  },
  {
    "model": "auth.permission",
    "pk": 48,
    "fields": {
      "name": "Can view company",
      "content_type": 12,
      "codename": "view_company"
    }
  },
  {
    "model": "auth.group",
    "pk": 1,
    "fields": {
      "name": "clients",
      "permissions": [
        41, 42, 43, 44, 45, 46, 48, 25, 26, 27, 28, 29, 30, 31, 32, 37, 38, 39,
        40, 33, 34, 35, 36
      ]
    }
  },
  {
    "model": "auth.user",
    "pk": 1,
    "fields": {
      "password": "pbkdf2_sha256$320000$GSROfWhe3eUzl7G3H6H90z$Ck963rU56QD7DxqElPvdAN1hwVJO6QZ2Ye+d9p1CDuo=",
      "last_login": "2022-04-19T22:52:09.900Z",
      "is_superuser": true,
      "username": "admin",
      "first_name": "",
      "last_name": "",
      "email": "admin@menuq.co",
      "is_staff": true,
      "is_active": true,
      "date_joined": "2022-03-25T17:56:47.698Z",
      "groups": [],
      "user_permissions": []
    }
  },
  {
    "model": "auth.user",
    "pk": 2,
    "fields": {
      "password": "pbkdf2_sha256$320000$A8t65nAbXP4nmaDmlWJcoV$nfn8tPtNDovSry1gBmJJ+XPcXnWCf8cPYxk59zGQOQA=",
      "last_login": "2022-04-08T19:30:50.783Z",
      "is_superuser": false,
      "username": "wvenera",
      "first_name": "Wiston",
      "last_name": "Venera",
      "email": "wisvem@hotmail.com",
      "is_staff": true,
      "is_active": true,
      "date_joined": "2022-03-25T19:00:39Z",
      "groups": [1],
      "user_permissions": []
    }
  },
  {
    "model": "auth.user",
    "pk": 3,
    "fields": {
      "password": "pbkdf2_sha256$320000$WUR7wH0o9dPlrT4LS8heKD$/SIoq87xZS7YtSxc1C83Ne5cfiX9aTypK+wTAUB08OI=",
      "last_login": "2022-04-26T14:43:10.372Z",
      "is_superuser": false,
      "username": "srodriguez",
      "first_name": "Stefanny",
      "last_name": "Rodriguez",
      "email": "srodriguez2104@gmail.com",
      "is_staff": true,
      "is_active": true,
      "date_joined": "2022-03-26T04:07:34Z",
      "groups": [1],
      "user_permissions": []
    }
  },
  {
    "model": "auth.user",
    "pk": 4,
    "fields": {
      "password": "pbkdf2_sha256$320000$hUrOotEOAz8UZ9hlh18LWF$UViMHBsyyLzi64oT6ITtWQwNUG0wV4VL6ZoXbVHwYe4=",
      "last_login": "2022-04-13T19:23:40.091Z",
      "is_superuser": false,
      "username": "nhadad",
      "first_name": "Nany",
      "last_name": "Hadad",
      "email": "nanyhadad@me.com",
      "is_staff": false,
      "is_active": true,
      "date_joined": "2022-03-26T04:14:16.000Z",
      "groups": [1],
      "user_permissions": []
    }
  },
  {
    "model": "auth.user",
    "pk": 5,
    "fields": {
      "password": "pbkdf2_sha256$320000$OeK2SZD8vgcFgbt8scOefV$UBGvoYNRyXA29DSlgKBzM8PishWzWbSThIPQLMox9Ws=",
      "last_login": null,
      "is_superuser": false,
      "username": "hvenera",
      "first_name": "Heiner",
      "last_name": "Venerea",
      "email": "heiner@nbc.com",
      "is_staff": false,
      "is_active": true,
      "date_joined": "2022-04-12T17:23:47.981Z",
      "groups": [1],
      "user_permissions": []
    }
  },
  {
    "model": "contenttypes.contenttype",
    "pk": 1,
    "fields": { "app_label": "admin", "model": "logentry" }
  },
  {
    "model": "contenttypes.contenttype",
    "pk": 2,
    "fields": { "app_label": "auth", "model": "permission" }
  },
  {
    "model": "contenttypes.contenttype",
    "pk": 3,
    "fields": { "app_label": "auth", "model": "group" }
  },
  {
    "model": "contenttypes.contenttype",
    "pk": 4,
    "fields": { "app_label": "auth", "model": "user" }
  },
  {
    "model": "contenttypes.contenttype",
    "pk": 5,
    "fields": { "app_label": "contenttypes", "model": "contenttype" }
  },
  {
    "model": "contenttypes.contenttype",
    "pk": 6,
    "fields": { "app_label": "sessions", "model": "session" }
  },
  {
    "model": "contenttypes.contenttype",
    "pk": 7,
    "fields": { "app_label": "menus", "model": "category" }
  },
  {
    "model": "contenttypes.contenttype",
    "pk": 8,
    "fields": { "app_label": "menus", "model": "menu" }
  },
  {
    "model": "contenttypes.contenttype",
    "pk": 9,
    "fields": { "app_label": "menus", "model": "product" }
  },
  {
    "model": "contenttypes.contenttype",
    "pk": 10,
    "fields": { "app_label": "menus", "model": "menudetail" }
  },
  {
    "model": "contenttypes.contenttype",
    "pk": 11,
    "fields": { "app_label": "companies", "model": "brand" }
  },
  {
    "model": "contenttypes.contenttype",
    "pk": 12,
    "fields": { "app_label": "companies", "model": "company" }
  },
  {
    "model": "sessions.session",
    "pk": "0fimvh924fmnuqfqji79hfi79qsnv4oi",
    "fields": {
      "session_data": ".eJxVjDsOwjAQBe_iGlmb-E9JzxmsXXuDA8iW4qRC3B0ipYD2zcx7iYjbWuLWeYlzFmehxOl3I0wPrjvId6y3JlOr6zKT3BV50C6vLfPzcrh_BwV7-dbsE2adDZJLjsYpgFPAfgBvgLxWamBjyTHZQOhMmJQOpGwGjSM6DeL9Ae3uN6E:1ndGMi:N1yvYKjhHBxlJYXvEzCoXdCmBd4kveDyvgmiIp64BXA",
      "expire_date": "2022-04-23T19:03:20.800Z"
    }
  },
  {
    "model": "sessions.session",
    "pk": "bohkd2kybyh6xgfqtfkx4xd66z4apaun",
    "fields": {
      "session_data": ".eJxVjEEOwiAQRe_C2pBOhoGOS_eegQADUjU0Ke3KeHdt0oVu_3vvv5QP21r91vPiJ1Fnher0u8WQHrntQO6h3Wad5rYuU9S7og_a9XWW_Lwc7t9BDb1-6zQaG8k6MlYcwBBzBkZrsEByiJxEYjE8cCbBUhwRM2EZLSOQc6DeH8ksNuA:1njMPG:O-oK_cMLT1uP_THuw5uJNtc2Sio5-xmYHz97zfuXrBE",
      "expire_date": "2022-05-10T14:43:10.375Z"
    }
  },
  {
    "model": "sessions.session",
    "pk": "fl8be8gwflvvcyhxfilquv2b5u269wz3",
    "fields": {
      "session_data": ".eJxVjMsOgjAQRf-la9MQpEzHpXu_gcyrFjUlobAi_ruSsNDtPefczQ20LnlYq83DqO7iWnf63ZjkaWUH-qByn7xMZZlH9rviD1r9bVJ7XQ_37yBTzd86mkU2BQ0SAkIHlqxvkRmSCTSI0mlIYhqlicDJIiJRL4QGZ27UvT8cujmL:1nYqLU:QqU2BeUxjEo7SlWx8D8x6mMPuKK_REQbczO8uLyIBII",
      "expire_date": "2022-04-11T14:27:48.932Z"
    }
  },
  {
    "model": "sessions.session",
    "pk": "k6u1xpue4nmcs7d4sd3lcbi5iih4qlcc",
    "fields": {
      "session_data": ".eJxVjDsOwjAQBe_iGlmb-E9JzxmsXXuDA8iW4qRC3B0ipYD2zcx7iYjbWuLWeYlzFmehxOl3I0wPrjvId6y3JlOr6zKT3BV50C6vLfPzcrh_BwV7-dbsE2adDZJLjsYpgFPAfgBvgLxWamBjyTHZQOhMmJQOpGwGjSM6DeL9Ae3uN6E:1naRb7:8r0JAQ-A4mfsu6jWmoAZUGqk0PHr26wfBOSShY5dk74",
      "expire_date": "2022-04-16T00:26:33.339Z"
    }
  },
  {
    "model": "sessions.session",
    "pk": "scx94hwivobqrr91pnme1v8q4moh2ure",
    "fields": {
      "session_data": ".eJxVjDsOwjAQBe_iGlmxHf8o6TmDtd5d4wBypDipEHeHSCmgfTPzXiLBtta0dV7SROIslDj9bhnwwW0HdId2myXObV2mLHdFHrTL60z8vBzu30GFXr91GBAtYMxaDQjOEigu7L3XgcdsTPFsRvLAFqJ2UWnvsg0FHRtDrhTx_gD5HThw:1ngwhd:hJewyRoQ_ktB8cp4-PHr1yl780LbfW69iCmyPDPnxAk",
      "expire_date": "2022-05-03T22:52:09.907Z"
    }
  },
  {
    "model": "sessions.session",
    "pk": "vesxa1mcdnz3jjlltyc16oihpb4klem9",
    "fields": {
      "session_data": ".eJxVjEEOwiAQRe_C2pBOhoGOS_eegQADUjU0Ke3KeHdt0oVu_3vvv5QP21r91vPiJ1Fnher0u8WQHrntQO6h3Wad5rYuU9S7og_a9XWW_Lwc7t9BDb1-6zQaG8k6MlYcwBBzBkZrsEByiJxEYjE8cCbBUhwRM2EZLSOQc6DeH8ksNuA:1njLrt:pqnEQXFk-_YNiVTDYR_CGQdjxh5WF1LfY7RRqnsbxz8",
      "expire_date": "2022-05-10T14:08:41.401Z"
    }
  },
  {
    "model": "menus.menu",
    "pk": 1,
    "fields": {
      "created": "2022-03-29T22:55:11.859Z",
      "updated": "2022-04-21T01:54:11.510Z",
      "created_by": 3,
      "updated_by": 3,
      "name": "Menu Principal",
      "description": "",
      "currency": "EUR",
      "brand": 8,
      "is_active": true
    }
  },
  {
    "model": "menus.menu",
    "pk": 2,
    "fields": {
      "created": "2022-03-30T14:53:27.188Z",
      "updated": "2022-04-21T01:54:11.525Z",
      "created_by": 3,
      "updated_by": 3,
      "name": "Menu Especial",
      "description": "",
      "currency": "CAD",
      "brand": 8,
      "is_active": false
    }
  },
  {
    "model": "menus.menu",
    "pk": 3,
    "fields": {
      "created": "2022-03-30T15:49:36.937Z",
      "updated": "2022-03-30T15:49:36.937Z",
      "created_by": 2,
      "updated_by": 2,
      "name": "El Menu",
      "description": "",
      "currency": "EUR",
      "brand": 3,
      "is_active": true
    }
  },
  {
    "model": "menus.menu",
    "pk": 4,
    "fields": {
      "created": "2022-04-01T23:22:32.024Z",
      "updated": "2022-04-01T23:22:32.024Z",
      "created_by": 3,
      "updated_by": 3,
      "name": "Experiencia Principal",
      "description": "",
      "currency": "AFA",
      "brand": 9,
      "is_active": false
    }
  },
  {
    "model": "menus.menu",
    "pk": 5,
    "fields": {
      "created": "2022-04-06T23:16:11.296Z",
      "updated": "2022-04-21T01:54:11.522Z",
      "created_by": 3,
      "updated_by": 3,
      "name": "Menu Carnavales",
      "description": "",
      "currency": "COP",
      "brand": 8,
      "is_active": false
    }
  },
  {
    "model": "menus.menu",
    "pk": 6,
    "fields": {
      "created": "2022-04-06T23:52:22.958Z",
      "updated": "2022-04-21T01:54:11.541Z",
      "created_by": 3,
      "updated_by": 3,
      "name": "Menu Navidad",
      "description": "",
      "currency": "USD",
      "brand": 8,
      "is_active": false
    }
  },
  {
    "model": "menus.menu",
    "pk": 7,
    "fields": {
      "created": "2022-04-06T23:59:55.460Z",
      "updated": "2022-04-21T01:54:11.535Z",
      "created_by": 3,
      "updated_by": 3,
      "name": "Menu Fin de Año",
      "description": "",
      "currency": "USD",
      "brand": 8,
      "is_active": false
    }
  },
  {
    "model": "menus.menu",
    "pk": 8,
    "fields": {
      "created": "2022-04-07T00:00:47.620Z",
      "updated": "2022-04-21T01:54:11.538Z",
      "created_by": 3,
      "updated_by": 3,
      "name": "Menu Semana Santa",
      "description": "",
      "currency": "USD",
      "brand": 8,
      "is_active": false
    }
  },
  {
    "model": "menus.menu",
    "pk": 9,
    "fields": {
      "created": "2022-04-07T00:03:21.904Z",
      "updated": "2022-04-21T01:54:11.530Z",
      "created_by": 3,
      "updated_by": 3,
      "name": "Menu Nuevo",
      "description": "",
      "currency": "USD",
      "brand": 8,
      "is_active": false
    }
  },
  {
    "model": "menus.menu",
    "pk": 10,
    "fields": {
      "created": "2022-04-07T00:03:47.438Z",
      "updated": "2022-04-21T01:54:11.527Z",
      "created_by": 3,
      "updated_by": 3,
      "name": "Menu Secretarias",
      "description": "",
      "currency": "USD",
      "brand": 8,
      "is_active": false
    }
  },
  {
    "model": "menus.menu",
    "pk": 11,
    "fields": {
      "created": "2022-04-08T19:31:37.034Z",
      "updated": "2022-04-08T19:31:37.034Z",
      "created_by": 2,
      "updated_by": 2,
      "name": "One Piece",
      "description": "",
      "currency": "COP",
      "brand": 1,
      "is_active": false
    }
  },
  {
    "model": "menus.category",
    "pk": 1,
    "fields": {
      "created": "2022-03-29T22:55:26.320Z",
      "updated": "2022-04-21T01:52:26.752Z",
      "created_by": 3,
      "updated_by": 3,
      "name": "Entradas",
      "description": "",
      "parent": null,
      "brand": 8
    }
  },
  {
    "model": "menus.category",
    "pk": 2,
    "fields": {
      "created": "2022-03-29T22:55:37.191Z",
      "updated": "2022-03-29T22:55:37.191Z",
      "created_by": 3,
      "updated_by": 3,
      "name": "Fuertes",
      "description": "",
      "parent": null,
      "brand": 8
    }
  },
  {
    "model": "menus.category",
    "pk": 3,
    "fields": {
      "created": "2022-03-30T15:46:45.168Z",
      "updated": "2022-03-30T15:46:45.168Z",
      "created_by": 2,
      "updated_by": 2,
      "name": "Principios",
      "description": "",
      "parent": null,
      "brand": 3
    }
  },
  {
    "model": "menus.category",
    "pk": 4,
    "fields": {
      "created": "2022-03-30T15:46:53.815Z",
      "updated": "2022-03-30T15:46:53.815Z",
      "created_by": 2,
      "updated_by": 2,
      "name": "Finales",
      "description": "",
      "parent": null,
      "brand": 3
    }
  },
  {
    "model": "menus.category",
    "pk": 5,
    "fields": {
      "created": "2022-04-04T14:19:26.289Z",
      "updated": "2022-04-04T14:19:26.289Z",
      "created_by": 3,
      "updated_by": 3,
      "name": "Bebidas",
      "description": "",
      "parent": null,
      "brand": 8
    }
  },
  {
    "model": "menus.category",
    "pk": 6,
    "fields": {
      "created": "2022-04-18T19:25:32.600Z",
      "updated": "2022-04-18T19:25:32.600Z",
      "created_by": 3,
      "updated_by": 3,
      "name": "Postres",
      "description": "",
      "parent": null,
      "brand": 8
    }
  },
  {
    "model": "menus.category",
    "pk": 7,
    "fields": {
      "created": "2022-04-21T00:34:52.494Z",
      "updated": "2022-04-21T00:34:52.494Z",
      "created_by": 3,
      "updated_by": 3,
      "name": "Init",
      "description": "",
      "parent": null,
      "brand": 9
    }
  },
  {
    "model": "menus.category",
    "pk": 8,
    "fields": {
      "created": "2022-04-21T00:34:52.512Z",
      "updated": "2022-04-21T00:34:52.512Z",
      "created_by": 3,
      "updated_by": 3,
      "name": "Middle",
      "description": "",
      "parent": null,
      "brand": 9
    }
  },
  {
    "model": "menus.category",
    "pk": 9,
    "fields": {
      "created": "2022-04-21T00:34:52.520Z",
      "updated": "2022-04-21T00:34:52.520Z",
      "created_by": 3,
      "updated_by": 3,
      "name": "End",
      "description": "",
      "parent": null,
      "brand": 9
    }
  },
  {
    "model": "menus.category",
    "pk": 10,
    "fields": {
      "created": "2022-04-23T01:11:26.557Z",
      "updated": "2022-04-23T01:11:26.557Z",
      "created_by": 3,
      "updated_by": 3,
      "name": "Compartir",
      "description": "",
      "parent": 1,
      "brand": 8
    }
  },
  {
    "model": "menus.category",
    "pk": 11,
    "fields": {
      "created": "2022-04-24T16:57:48.900Z",
      "updated": "2022-04-26T03:41:48.457Z",
      "created_by": 3,
      "updated_by": 3,
      "name": "Categoria Test",
      "description": "",
      "parent": null,
      "brand": 8
    }
  },
  {
    "model": "menus.product",
    "pk": 1,
    "fields": {
      "created": "2022-03-29T23:02:04.997Z",
      "updated": "2022-04-23T21:24:38.765Z",
      "created_by": 3,
      "updated_by": 3,
      "name": "Gyozas",
      "description": "Empanadas tradicionales orientales con un toque latino",
      "photo": "brands/8/products/1-Gyozas.jpeg",
      "brand": 8
    }
  },
  {
    "model": "menus.product",
    "pk": 2,
    "fields": {
      "created": "2022-03-29T23:02:36.913Z",
      "updated": "2022-04-16T19:15:35.554Z",
      "created_by": 3,
      "updated_by": 3,
      "name": "Tiradito",
      "description": "",
      "photo": "brands/8/products/2-Tiradito.png",
      "brand": 8
    }
  },
  {
    "model": "menus.product",
    "pk": 3,
    "fields": {
      "created": "2022-03-29T23:02:46.902Z",
      "updated": "2022-03-29T23:02:46.902Z",
      "created_by": 3,
      "updated_by": 3,
      "name": "Vulcano",
      "description": "",
      "photo": "",
      "brand": 8
    }
  },
  {
    "model": "menus.product",
    "pk": 4,
    "fields": {
      "created": "2022-03-29T23:02:55.186Z",
      "updated": "2022-03-29T23:02:55.186Z",
      "created_by": 3,
      "updated_by": 3,
      "name": "Sake Skin",
      "description": "",
      "photo": "",
      "brand": 8
    }
  },
  {
    "model": "menus.product",
    "pk": 5,
    "fields": {
      "created": "2022-03-30T15:47:33.529Z",
      "updated": "2022-03-30T15:47:33.529Z",
      "created_by": 2,
      "updated_by": 2,
      "name": "Parras",
      "description": "",
      "photo": "",
      "brand": 3
    }
  },
  {
    "model": "menus.product",
    "pk": 6,
    "fields": {
      "created": "2022-03-30T15:47:48.802Z",
      "updated": "2022-03-30T15:47:48.802Z",
      "created_by": 2,
      "updated_by": 2,
      "name": "Quibbe",
      "description": "",
      "photo": "",
      "brand": 3
    }
  },
  {
    "model": "menus.product",
    "pk": 7,
    "fields": {
      "created": "2022-03-30T15:47:59.324Z",
      "updated": "2022-03-30T15:47:59.324Z",
      "created_by": 2,
      "updated_by": 2,
      "name": "Mixto",
      "description": "",
      "photo": "",
      "brand": 3
    }
  },
  {
    "model": "menus.product",
    "pk": 8,
    "fields": {
      "created": "2022-03-30T15:48:06.660Z",
      "updated": "2022-03-30T15:48:06.660Z",
      "created_by": 2,
      "updated_by": 2,
      "name": "Mini Mixto",
      "description": "",
      "photo": "",
      "brand": 3
    }
  },
  {
    "model": "menus.product",
    "pk": 9,
    "fields": {
      "created": "2022-04-16T19:34:37.125Z",
      "updated": "2022-04-16T19:34:37.125Z",
      "created_by": 3,
      "updated_by": 3,
      "name": "Onigiri",
      "description": "",
      "photo": "",
      "brand": 8
    }
  },
  {
    "model": "menus.product",
    "pk": 10,
    "fields": {
      "created": "2022-04-16T19:35:32.619Z",
      "updated": "2022-04-22T23:07:00.107Z",
      "created_by": 3,
      "updated_by": 3,
      "name": "Vino Tinto",
      "description": "",
      "photo": "",
      "brand": 8
    }
  },
  {
    "model": "menus.product",
    "pk": 11,
    "fields": {
      "created": "2022-04-16T19:52:38.326Z",
      "updated": "2022-04-16T19:52:38.327Z",
      "created_by": 3,
      "updated_by": 3,
      "name": "Paleta",
      "description": "",
      "photo": "",
      "brand": 8
    }
  },
  {
    "model": "menus.product",
    "pk": 12,
    "fields": {
      "created": "2022-04-16T19:53:01.110Z",
      "updated": "2022-04-22T22:47:46.399Z",
      "created_by": 3,
      "updated_by": 3,
      "name": "Sancoho",
      "description": "",
      "photo": "",
      "brand": 8
    }
  },
  {
    "model": "menus.product",
    "pk": 13,
    "fields": {
      "created": "2022-04-16T19:53:37.476Z",
      "updated": "2022-04-16T19:53:37.476Z",
      "created_by": 3,
      "updated_by": 3,
      "name": "Flores",
      "description": "",
      "photo": "",
      "brand": 8
    }
  },
  {
    "model": "menus.product",
    "pk": 14,
    "fields": {
      "created": "2022-04-16T22:08:14.473Z",
      "updated": "2022-04-16T22:08:14.473Z",
      "created_by": 3,
      "updated_by": 3,
      "name": "Tierra",
      "description": "",
      "photo": "",
      "brand": 8
    }
  },
  {
    "model": "menus.product",
    "pk": 15,
    "fields": {
      "created": "2022-04-16T22:08:14.484Z",
      "updated": "2022-04-16T22:08:14.484Z",
      "created_by": 3,
      "updated_by": 3,
      "name": "Fuego",
      "description": "",
      "photo": "",
      "brand": 8
    }
  },
  {
    "model": "menus.product",
    "pk": 16,
    "fields": {
      "created": "2022-04-16T22:08:14.486Z",
      "updated": "2022-04-16T22:08:14.486Z",
      "created_by": 3,
      "updated_by": 3,
      "name": "Viento",
      "description": "",
      "photo": "",
      "brand": 8
    }
  },
  {
    "model": "menus.product",
    "pk": 17,
    "fields": {
      "created": "2022-04-25T16:34:50.580Z",
      "updated": "2022-04-25T16:34:50.580Z",
      "created_by": 3,
      "updated_by": 3,
      "name": "Camaleon",
      "description": "",
      "photo": "",
      "brand": 8
    }
  },
  {
    "model": "menus.product",
    "pk": 18,
    "fields": {
      "created": "2022-04-26T02:02:06.836Z",
      "updated": "2022-04-26T02:02:06.836Z",
      "created_by": 3,
      "updated_by": 3,
      "name": "Gallina",
      "description": "",
      "photo": "",
      "brand": 8
    }
  },
  {
    "model": "menus.product",
    "pk": 19,
    "fields": {
      "created": "2022-04-26T02:02:06.844Z",
      "updated": "2022-04-26T02:02:06.845Z",
      "created_by": 3,
      "updated_by": 3,
      "name": "Pavo",
      "description": "",
      "photo": "",
      "brand": 8
    }
  },
  {
    "model": "menus.menudetail",
    "pk": 1,
    "fields": {
      "created": "2022-03-29T23:04:01.454Z",
      "updated": "2022-04-26T03:39:19.254Z",
      "created_by": 3,
      "updated_by": 3,
      "menu": 1,
      "category": 1,
      "product": 1,
      "price": "15765",
      "order": 3
    }
  },
  {
    "model": "menus.menudetail",
    "pk": 2,
    "fields": {
      "created": "2022-03-29T23:04:01.487Z",
      "updated": "2022-04-26T03:39:19.251Z",
      "created_by": 3,
      "updated_by": 3,
      "menu": 1,
      "category": 1,
      "product": 2,
      "price": "1100",
      "order": 2
    }
  },
  {
    "model": "menus.menudetail",
    "pk": 3,
    "fields": {
      "created": "2022-03-29T23:04:01.489Z",
      "updated": "2022-04-26T03:39:19.265Z",
      "created_by": 3,
      "updated_by": 3,
      "menu": 1,
      "category": 2,
      "product": 3,
      "price": "2000",
      "order": 6
    }
  },
  {
    "model": "menus.menudetail",
    "pk": 4,
    "fields": {
      "created": "2022-03-29T23:04:01.491Z",
      "updated": "2022-04-26T03:39:19.259Z",
      "created_by": 3,
      "updated_by": 3,
      "menu": 1,
      "category": 2,
      "product": 4,
      "price": "3100",
      "order": 4
    }
  },
  {
    "model": "menus.menudetail",
    "pk": 5,
    "fields": {
      "created": "2022-03-30T15:49:36.939Z",
      "updated": "2022-03-30T15:49:36.939Z",
      "created_by": 2,
      "updated_by": 2,
      "menu": 3,
      "category": 3,
      "product": 5,
      "price": "50000",
      "order": null
    }
  },
  {
    "model": "menus.menudetail",
    "pk": 6,
    "fields": {
      "created": "2022-03-30T15:49:36.956Z",
      "updated": "2022-03-30T15:49:36.956Z",
      "created_by": 2,
      "updated_by": 2,
      "menu": 3,
      "category": 3,
      "product": 6,
      "price": "45000",
      "order": null
    }
  },
  {
    "model": "menus.menudetail",
    "pk": 7,
    "fields": {
      "created": "2022-03-30T15:49:36.957Z",
      "updated": "2022-03-30T15:49:36.957Z",
      "created_by": 2,
      "updated_by": 2,
      "menu": 3,
      "category": 4,
      "product": 7,
      "price": "80000",
      "order": null
    }
  },
  {
    "model": "menus.menudetail",
    "pk": 8,
    "fields": {
      "created": "2022-03-30T15:49:36.958Z",
      "updated": "2022-03-30T15:49:36.958Z",
      "created_by": 2,
      "updated_by": 2,
      "menu": 3,
      "category": 4,
      "product": 8,
      "price": "65000",
      "order": null
    }
  },
  {
    "model": "menus.menudetail",
    "pk": 9,
    "fields": {
      "created": "2022-04-12T02:25:51.398Z",
      "updated": "2022-04-12T02:25:51.398Z",
      "created_by": 3,
      "updated_by": 3,
      "menu": 7,
      "category": 1,
      "product": 1,
      "price": "5000",
      "order": null
    }
  },
  {
    "model": "menus.menudetail",
    "pk": 10,
    "fields": {
      "created": "2022-04-12T02:25:51.407Z",
      "updated": "2022-04-12T02:25:51.407Z",
      "created_by": 3,
      "updated_by": 3,
      "menu": 7,
      "category": 1,
      "product": 2,
      "price": "15000",
      "order": null
    }
  },
  {
    "model": "menus.menudetail",
    "pk": 11,
    "fields": {
      "created": "2022-04-12T02:25:51.409Z",
      "updated": "2022-04-12T02:25:51.409Z",
      "created_by": 3,
      "updated_by": 3,
      "menu": 7,
      "category": 2,
      "product": 3,
      "price": "30000",
      "order": null
    }
  },
  {
    "model": "menus.menudetail",
    "pk": 12,
    "fields": {
      "created": "2022-04-12T02:29:38.519Z",
      "updated": "2022-04-12T02:29:38.519Z",
      "created_by": 3,
      "updated_by": 3,
      "menu": 2,
      "category": 2,
      "product": 4,
      "price": "35500",
      "order": null
    }
  },
  {
    "model": "menus.menudetail",
    "pk": 13,
    "fields": {
      "created": "2022-04-12T02:30:58.175Z",
      "updated": "2022-04-12T02:30:58.175Z",
      "created_by": 3,
      "updated_by": 3,
      "menu": 2,
      "category": 1,
      "product": 1,
      "price": "5555",
      "order": null
    }
  },
  {
    "model": "menus.menudetail",
    "pk": 14,
    "fields": {
      "created": "2022-04-12T02:36:40.535Z",
      "updated": "2022-04-12T02:36:40.535Z",
      "created_by": 3,
      "updated_by": 3,
      "menu": 9,
      "category": 1,
      "product": 2,
      "price": "67676",
      "order": null
    }
  },
  {
    "model": "menus.menudetail",
    "pk": 15,
    "fields": {
      "created": "2022-04-22T17:58:58.074Z",
      "updated": "2022-04-26T03:39:19.273Z",
      "created_by": 3,
      "updated_by": 3,
      "menu": 1,
      "category": 5,
      "product": 15,
      "price": "100",
      "order": 8
    }
  },
  {
    "model": "menus.menudetail",
    "pk": 16,
    "fields": {
      "created": "2022-04-22T17:58:58.095Z",
      "updated": "2022-04-26T03:39:19.268Z",
      "created_by": 3,
      "updated_by": 3,
      "menu": 1,
      "category": 5,
      "product": 14,
      "price": "150",
      "order": 7
    }
  },
  {
    "model": "menus.menudetail",
    "pk": 19,
    "fields": {
      "created": "2022-04-22T18:00:11.823Z",
      "updated": "2022-04-26T03:39:19.263Z",
      "created_by": 3,
      "updated_by": 3,
      "menu": 1,
      "category": 2,
      "product": 12,
      "price": "154",
      "order": 5
    }
  },
  {
    "model": "menus.menudetail",
    "pk": 20,
    "fields": {
      "created": "2022-04-25T21:40:00.108Z",
      "updated": "2022-04-26T03:39:19.275Z",
      "created_by": 3,
      "updated_by": 3,
      "menu": 1,
      "category": 6,
      "product": 17,
      "price": "232",
      "order": 9
    }
  },
  {
    "model": "menus.menudetail",
    "pk": 21,
    "fields": {
      "created": "2022-04-26T03:13:15.998Z",
      "updated": "2022-04-26T03:15:18.294Z",
      "created_by": 3,
      "updated_by": 3,
      "menu": 1,
      "category": 11,
      "product": 18,
      "price": "434",
      "order": 0
    }
  },
  {
    "model": "menus.menudetail",
    "pk": 22,
    "fields": {
      "created": "2022-04-26T03:13:16.003Z",
      "updated": "2022-04-26T03:39:19.279Z",
      "created_by": 3,
      "updated_by": 3,
      "menu": 1,
      "category": 11,
      "product": 19,
      "price": "323",
      "order": 1
    }
  },
  {
    "model": "companies.company",
    "pk": 2,
    "fields": {
      "created": "2022-03-25T19:34:07.894Z",
      "updated": "2022-03-25T20:21:02.284Z",
      "created_by": 2,
      "updated_by": 2,
      "name": "VENROD",
      "description": null,
      "company_id": "900785635",
      "country": "CO"
    }
  },
  {
    "model": "companies.company",
    "pk": 8,
    "fields": {
      "created": "2022-03-25T20:24:09.587Z",
      "updated": "2022-03-25T20:43:30.707Z",
      "created_by": 1,
      "updated_by": 2,
      "name": "SABORES",
      "description": null,
      "company_id": "900884001",
      "country": "CO"
    }
  },
  {
    "model": "companies.company",
    "pk": 9,
    "fields": {
      "created": "2022-03-27T17:47:16.384Z",
      "updated": "2022-03-27T17:47:16.384Z",
      "created_by": 2,
      "updated_by": 2,
      "name": "VENMAC",
      "description": null,
      "company_id": "900123456",
      "country": "CO"
    }
  },
  {
    "model": "companies.company",
    "pk": 10,
    "fields": {
      "created": "2022-03-29T02:57:14.997Z",
      "updated": "2022-03-29T02:57:14.997Z",
      "created_by": 3,
      "updated_by": 3,
      "name": "RODLLAN",
      "description": "",
      "company_id": "900123452",
      "country": "FR"
    }
  },
  {
    "model": "companies.company",
    "pk": 11,
    "fields": {
      "created": "2022-04-01T18:06:12.218Z",
      "updated": "2022-04-01T19:22:14.742Z",
      "created_by": 4,
      "updated_by": 1,
      "name": "Trifud",
      "description": "Lorem ipsum dolor sit amet, consectetur adipiscing elit. Pellentesque eu tincidunt metus, ut consectetur mauris. Nulla facilisi. Nunc volutpat, magna non ullamcorper molestie, lectus libero laoreet erat, non pellentesque tortor libero posuere mi. Maecenas eu pharetra quam. Quisque tincidunt ante id sem vehicula mattis. Proin ac quam sed ipsum rutrum tincidunt. Orci varius natoque penatibus et magnis dis parturient montes, nascetur ridiculus mus. Ut sed magna dui.",
      "company_id": "900345123",
      "country": "CA"
    }
  },
  {
    "model": "companies.brand",
    "pk": 1,
    "fields": {
      "created": "2022-03-27T18:38:30.414Z",
      "updated": "2022-04-13T19:20:22.280Z",
      "created_by": 2,
      "updated_by": 1,
      "name": "MUGIWARA",
      "description": "",
      "photo": "",
      "company": 2,
      "qr_code": "qrcodes/qr_MUGIWARA1.png"
    }
  },
  {
    "model": "companies.brand",
    "pk": 2,
    "fields": {
      "created": "2022-03-27T18:38:59.991Z",
      "updated": "2022-04-13T19:20:33.728Z",
      "created_by": 2,
      "updated_by": 1,
      "name": "PASTA EXPRESS",
      "description": "",
      "photo": "",
      "company": 2,
      "qr_code": "qrcodes/qr_PASTA_EXPRESS2.png"
    }
  },
  {
    "model": "companies.brand",
    "pk": 3,
    "fields": {
      "created": "2022-03-27T18:39:11.709Z",
      "updated": "2022-04-13T19:20:57.544Z",
      "created_by": 2,
      "updated_by": 1,
      "name": "TALIBAN",
      "description": "",
      "photo": "",
      "company": 9,
      "qr_code": "qrcodes/qr_TALIBAN3.png"
    }
  },
  {
    "model": "companies.brand",
    "pk": 8,
    "fields": {
      "created": "2022-03-29T22:29:38.000Z",
      "updated": "2022-04-21T01:13:03.575Z",
      "created_by": 3,
      "updated_by": 3,
      "name": "Magic House",
      "description": "",
      "photo": "brands/8-Magic House/8-Magic_House.png",
      "company": 10,
      "qr_code": "qrcodes/qr_Magic_House8.png"
    }
  },
  {
    "model": "companies.brand",
    "pk": 9,
    "fields": {
      "created": "2022-03-31T22:31:36.014Z",
      "updated": "2022-04-21T00:33:53.274Z",
      "created_by": 3,
      "updated_by": 3,
      "name": "Sarang",
      "description": "",
      "photo": "",
      "company": 10,
      "qr_code": "qrcodes/qr_Sarang9.png"
    }
  },
  {
    "model": "companies.brand",
    "pk": 10,
    "fields": {
      "created": "2022-04-01T16:56:03.079Z",
      "updated": "2022-04-13T19:21:16.071Z",
      "created_by": 2,
      "updated_by": 1,
      "name": "ALoha",
      "description": "",
      "photo": "",
      "company": 2,
      "qr_code": "qrcodes/qr_ALoha10.png"
    }
  },
  {
    "model": "companies.brand",
    "pk": 11,
    "fields": {
      "created": "2022-04-01T16:57:26.564Z",
      "updated": "2022-04-13T19:20:46.278Z",
      "created_by": 2,
      "updated_by": 1,
      "name": "Aloha 2",
      "description": "",
      "photo": "",
      "company": 2,
      "qr_code": "qrcodes/qr_Aloha_211.png"
    }
  },
  {
    "model": "companies.brand",
    "pk": 12,
    "fields": {
      "created": "2022-04-01T17:03:17.137Z",
      "updated": "2022-04-13T19:21:19.541Z",
      "created_by": 2,
      "updated_by": 1,
      "name": "Aloha 3",
      "description": "",
      "photo": "",
      "company": 2,
      "qr_code": "qrcodes/qr_Aloha_312.png"
    }
  },
  {
    "model": "companies.brand",
    "pk": 13,
    "fields": {
      "created": "2022-04-01T17:03:47.275Z",
      "updated": "2022-04-13T19:20:39.315Z",
      "created_by": 2,
      "updated_by": 1,
      "name": "Aloha 4",
      "description": "",
      "photo": "",
      "company": 2,
      "qr_code": "qrcodes/qr_Aloha_413.png"
    }
  },
  {
    "model": "companies.brand",
    "pk": 15,
    "fields": {
      "created": "2022-04-01T20:21:43.194Z",
      "updated": "2022-04-13T19:19:36.648Z",
      "created_by": 4,
      "updated_by": 1,
      "name": "HYH",
      "description": "",
      "photo": "",
      "company": 11,
      "qr_code": "qrcodes/qr_HYH15.png"
    }
  },
  {
    "model": "companies.brand",
    "pk": 16,
    "fields": {
      "created": "2022-04-13T17:41:14.531Z",
      "updated": "2022-04-13T19:19:32.164Z",
      "created_by": 4,
      "updated_by": 1,
      "name": "Starbucks",
      "description": "",
      "photo": "",
      "company": 11,
      "qr_code": "qrcodes/qr_Starbucks16.png"
    }
  }
]
